program	description	title	author	real_name	source_url
94-tsifry-chisla-e.txt	94-tsifry-chisla-e.md	94 tsifry chisla e			https://sergeanvarov.github.io/russian/mk61/other/94%20%D1%86%D0%B8%D1%84%D1%80%D1%8B%20%D1%87%D0%B8%D1%81%D0%BB%D0%B0%20e/94%20%D1%86%D0%B8%D1%84%D1%80%D1%8B%20%D1%87%D0%B8%D1%81%D0%BB%D0%B0%20e.html
99-butylok.txt	99-butylok.md	99 butylok	Евгений Степанищев	Евгений Кузниченко	https://bolknote.ru/all/4418/
aeroport.txt	aeroport.md	aeroport	Владимир Трофимчук	Евгений Кузниченко	https://lordbss.narod.ru/pmk200.html
aes.txt	aes.md	aes	Ю. Пшенник, Владимир Трофимчук		https://lordbss.narod.ru/pmk244.html
agressiya.txt	agressiya.md	agressiya	Вадим Куняев	Евгений Кузниченко	https://lordbss.narod.ru/pmk57.html
alaram.txt	alaram.md	Alaram	Сергей Шинкевич	Евгений Кузниченко	https://lordbss.narod.ru/pmk210.html
american-ninja.txt	american-ninja.md	American Ninja	Евгений Кузниченко	Евгений Кузниченко	https://lordbss.narod.ru/pmk100.html
annuity-loan-serge4mk.txt	annuity-loan-serge4mk.md	raschet annuitetnogo kredita	serge4mk	С. Р. Анваров	https://4pda.to/forum/index.php?showtopic=748847&view=findpost&p=108340599
arithmetic.txt	arithmetic.md	Arithmetic	illi4		https://habr.com/ru/articles/125484/
asteroid.txt	asteroid.md	asteroid	С. И. Пономарёв		https://lordbss.narod.ru/pmk239.html
ataka.txt	ataka.md	ataka	В. Ю. Солдатов		https://lordbss.narod.ru/pmk159.html
avantyurist.txt	avantyurist.md	avantyurist	автор неизвестен	Евгений Кузниченко	https://lordbss.narod.ru/pmk145.html
avtogonki.txt	avtogonki.md	avtogonki	Михаил Храмов	Евгений Кузниченко	https://lordbss.narod.ru/pmk95.html
badminton.txt	badminton.md	badminton	Ю. Байков, Михаил Лялин		https://lordbss.narod.ru/pmk128.html
bankir.txt	bankir.md	bankir	А. Камоедов		https://lordbss.narod.ru/pmk76.html
beskonechnaya-istoriya.txt	beskonechnaya-istoriya.md	Beskonechnaya istoriya	Владимир Талалаев, Владимир Шило		https://fantlab.ru/edition387762
bash-game.txt	bash-game.md	Bash Game	L. M. Fink		Финк Л.М., Папа, мама, я и микрокалькулятор (1988)
biatlon.txt	biatlon.md	biatlon	Владимир Сивицкий	Евгений Кузниченко	https://lordbss.narod.ru/pmk122.html
birzha.txt	birzha.md	birzha	Игорь Вершинин	Евгений Кузниченко	https://lordbss.narod.ru/pmk172.html
birzha-lordbss.txt	birzha-lordbss.md	birzha	Олег Хажинский	Евгений Кузниченко	https://lordbss.narod.ru/pmk175.html
bitva-3.txt	bitva-3.md	Bitva-3	Евгений Темежников	Евгений Кузниченко	http://arbinada.ddns.net/pmk-files/magazines/%D0%A2%D0%B5%D1%85%D0%BD%D0%B8%D0%BA%D0%B0%20%D0%BC%D0%BE%D0%BB%D0%BE%D0%B4%D0%B5%D0%B6%D0%B8%201985-1988%20%D0%9F%D0%9C%D0%9A.zip
bitva-4.txt	bitva-4.md	bitva-4	Евгений Кузниченко	Евгений Кузниченко	https://lordbss.narod.ru/pmk44.html
bitva-kei-1988.txt	bitva-kei-1988.md	Bitva: KEI Variant	Вячеслав Алексеев	Евгений Кузниченко	http://arbinada.ddns.net/pmk-files/magazines/%D0%A2%D0%B5%D1%85%D0%BD%D0%B8%D0%BA%D0%B0%20%D0%BC%D0%BE%D0%BB%D0%BE%D0%B4%D0%B5%D0%B6%D0%B8%201985-1988%20%D0%9F%D0%9C%D0%9A.zip
bitva-pshennik.txt	bitva-pshennik.md	Bitva: Pshennik Variant	Юрий Пшенник	Евгений Кузниченко	http://arbinada.ddns.net/pmk-files/magazines/%D0%A2%D0%B5%D1%85%D0%BD%D0%B8%D0%BA%D0%B0%20%D0%BC%D0%BE%D0%BB%D0%BE%D0%B4%D0%B5%D0%B6%D0%B8%201985-1988%20%D0%9F%D0%9C%D0%9A.zip
black-lord.txt	black-lord.md	Black Lord	Евгений Кузниченко	Евгений Кузниченко	https://lordbss.narod.ru/pmk67.html
block-out.txt	block-out.md	Block Out	С. Андрианов		https://lordbss.narod.ru/pmk127.html
blokada.txt	blokada.md	blokada	Александер Крючков	Евгений Кузниченко	https://lordbss.narod.ru/pmk135.html
boks-2.txt	boks-2.md	boks-2	Евгений Кузниченко	Евгений Кузниченко	https://lordbss.narod.ru/pmk10.html
bomber-video.txt	bomber-video.md	bomber-video	Сергей Чурсанов	Евгений Кузниченко	https://lordbss.narod.ru/pmk218.html
bort-69.txt	bort-69.md	bort-69	Сергей Шинкевич	Евгений Кузниченко	https://lordbss.narod.ru/pmk203.html
bosconien.txt	bosconien.md	Bosconien	Владимир Трофимчук	Евгений Кузниченко	https://lordbss.narod.ru/pmk56.html
boxing.txt	boxing.md	Boxing	Mikhail Karasev		https://lordbss.narod.ru/pmk00.html
brodyaga.txt	brodyaga.md	brodyaga	Михаил Храмов	Евгений Кузниченко	https://lordbss.narod.ru/pmk28.html
brodyaga-vselennoy-2.txt	brodyaga-vselennoy-2.md	brodyaga vselennoy-2	А. Пирожков		https://lordbss.narod.ru/pmk116.html
brodyaga-vselennoy-3.txt	brodyaga-vselennoy-3.md	brodyaga vselennoy-3	А. Пирожков		https://lordbss.narod.ru/pmk117.html
bulls-and-cows-2.txt	bulls-and-cows-2.md	Bulls and Cows 2	illi4		https://habr.com/ru/articles/125484/
camel-trophy.txt	camel-trophy.md	Camel Trophy	Павел Меркулов	Евгений Кузниченко	https://lordbss.narod.ru/pmk87.html
cave.txt	cave.md	Cave	illi4		https://habr.com/ru/articles/125484/
chase-h-q.txt	chase-h-q.md	Chase H.Q.	Константин Сергеев	Евгений Кузниченко	https://lordbss.narod.ru/pmk83.html
chellendzher.txt	chellendzher.md	chellendzher	Андрей Ивушкин	Евгений Кузниченко	https://lordbss.narod.ru/pmk253.html
chempion.txt	chempion.md	chempion	КЭИ		Техника-молодежи, 1986-11
chronos.txt	chronos.md	Chronos	Сергей Чурсанов	Евгений Кузниченко	https://lordbss.narod.ru/pmk137.html
chuzhie.txt	chuzhie.md	chuzhie	Сергей Устюгов	Евгений Кузниченко	https://lordbss.narod.ru/pmk18.html
chyornyy-yashchik.txt	chyornyy-yashchik.md	chyornyy yashchik	Михаил Лялин	Евгений Кузниченко	https://lordbss.narod.ru/pmk152.html
combat-maneuver-turn.txt	combat-maneuver-turn.md	Combat Maneuvering: Unsteady Turn	В. Довбня, В. Теряев		http://arbinada.ddns.net/pmk-files/magazines/%D0%90%D0%B2%D0%B8%D0%B0%D1%86%D0%B8%D1%8F%20%D0%B8%20%D0%BA%D0%BE%D1%81%D0%BC%D0%BE%D0%BD%D0%B0%D0%B2%D1%82%D0%B8%D0%BA%D0%B0%201987%20%D0%9F%D0%9C%D0%9A.zip
combat-maneuver-vertical.txt	combat-maneuver-vertical.md	Combat Maneuvering: Vertical Flight	В. Довбня, В. Теряев		http://arbinada.ddns.net/pmk-files/magazines/%D0%90%D0%B2%D0%B8%D0%B0%D1%86%D0%B8%D1%8F%20%D0%B8%20%D0%BA%D0%BE%D1%81%D0%BC%D0%BE%D0%BD%D0%B0%D0%B2%D1%82%D0%B8%D0%BA%D0%B0%201987%20%D0%9F%D0%9C%D0%9A.zip
cooperative-cafe.txt	cooperative-cafe.md	Cooperative Cafe	illi4		https://habr.com/ru/articles/125484/
correspondence-chess.txt	correspondence-chess.md	Correspondence Chess	Николай Авдеев	Евгений Кузниченко	http://arbinada.ddns.net/pmk-files/magazines/%D0%A2%D0%B5%D1%85%D0%BD%D0%B8%D0%BA%D0%B0%20%D0%BC%D0%BE%D0%BB%D0%BE%D0%B4%D0%B5%D0%B6%D0%B8%201985-1988%20%D0%9F%D0%9C%D0%9A.zip
cowboy.txt	cowboy.md	Cowboy	Евгений Кузниченко	Евгений Кузниченко	https://lordbss.narod.ru/pmk37.html
dispetcher.txt	dispetcher.md	dispetcher	П. Аронович		https://lordbss.narod.ru/pmk201.html
dispetcher-2.txt	dispetcher-2.md	dispetcher-2	Александр Михолап	Евгений Кузниченко	https://lordbss.narod.ru/pmk202.html
diversant.txt	diversant.md	diversant	Сергей Устюгов	Евгений Кузниченко	https://lordbss.narod.ru/pmk55.html
dolina.txt	dolina.md	dolina	А. Н. Гришин, Владимир Трофимчук		https://lordbss.narod.ru/pmk223.html
domino-vunderkind.txt	domino-vunderkind.md	domino-vunderkind	С. Беляев		https://lordbss.narod.ru/pmk249.html
dungeon.txt	dungeon.md	Dungeon	С. Андрианов		https://lordbss.narod.ru/pmk164.html
dzheyms-bond-agent-007.txt	dzheyms-bond-agent-007.md	dzheyms bond - agent 007	Евгений Кузниченко	Евгений Кузниченко	https://lordbss.narod.ru/pmk81.html
dzheyms-bond-agent-007-2.txt	dzheyms-bond-agent-007-2.md	dzheyms bond - agent 007 - 2	Евгений Кузниченко	Евгений Кузниченко	https://lordbss.narod.ru/pmk82.html
dzhoy.txt	dzhoy.md	dzhoy	Владимир Молоканов, Владимир Трофимчук		https://lordbss.narod.ru/pmk75.html
dzhungli.txt	dzhungli.md	dzhungli	Сергей Чурсанов	Евгений Кузниченко	https://lordbss.narod.ru/pmk181.html
dzhungli-2.txt	dzhungli-2.md	dzhungli-2	Сергей Чурсанов	Евгений Кузниченко	https://lordbss.narod.ru/pmk182.html
elektronnye-gorodki.txt	elektronnye-gorodki.md	elektronnye gorodki	А. Зайцев		https://lordbss.narod.ru/pmk129.html
elektronnyy-ring.txt	elektronnyy-ring.md	elektronnyy ring	Виктор Распопов	Евгений Кузниченко	https://lordbss.narod.ru/pmk233.html
elektronnyy-sopernik.txt	elektronnyy-sopernik.md	elektronnyy sopernik	Сергей Кузнецов, Виктор Распопов		https://lordbss.narod.ru/pmk234.html
elfy.txt	elfy.md	elfy	Владимир Трофимчук	Евгений Кузниченко	https://lordbss.narod.ru/pmk64.html
elita.txt	elita.md	elita	Владимир Сивицкий	Евгений Кузниченко	https://lordbss.narod.ru/pmk59.html
elite.txt	elite.md	Elite	Владимир Трофимчук	Евгений Кузниченко	https://lordbss.narod.ru/pmk03.html
encircled-with-fantoms.txt	encircled-with-fantoms.md	Encircled With Fantoms	Сергей Устюгов	Евгений Кузниченко	https://lordbss.narod.ru/pmk02.html
f-19.txt	f-19.md	F-19	А. Беликов		https://lordbss.narod.ru/pmk219.html
fantastika.txt	fantastika.md	fantastika	Владимир Трофимчук	Евгений Кузниченко	https://lordbss.narod.ru/pmk102.html
faraon.txt	faraon.md	faraon	Сергей Чурсанов	Евгений Кузниченко	https://lordbss.narod.ru/pmk193.html
fondovaya-birzha.txt	fondovaya-birzha.md	fondovaya birzha	Сергей Блищавенко	Евгений Кузниченко	https://lordbss.narod.ru/pmk171.html
for-kicks-i.txt	for-kicks-i.md	For Kicks-I	Евгений Кузниченко	Евгений Кузниченко	https://lordbss.narod.ru/pmk91.html
for-kicks-ii.txt	for-kicks-ii.md	For Kicks-II	Евгений Кузниченко	Евгений Кузниченко	https://lordbss.narod.ru/pmk92.html
for-kicks-iii.txt	for-kicks-iii.md	For Kicks-III	Евгений Кузниченко	Евгений Кузниченко	https://lordbss.narod.ru/pmk93.html
freddi-kryuger.txt	freddi-kryuger.md	freddi kryuger	Владимир Трофимчук	Евгений Кузниченко	https://lordbss.narod.ru/pmk27.html
futbol.txt	futbol.md	futbol	Александр Михолап	Евгений Кузниченко	https://lordbss.narod.ru/pmk126.html
galakticheskie-piraty.txt	galakticheskie-piraty.md	galakticheskie piraty	Евгений Кузниченко	Евгений Кузниченко	https://lordbss.narod.ru/pmk112.html
galakticheskiy-patrul.txt	galakticheskiy-patrul.md	galakticheskiy patrul	Евгений Кузниченко	Евгений Кузниченко	https://lordbss.narod.ru/pmk113.html
gangstery.txt	gangstery.md	gangstery	С. И. Пономарёв		https://lordbss.narod.ru/pmk96.html
gonki-na-zimnem-ozere.txt	gonki-na-zimnem-ozere.md	gonki na zimnem ozere	Игорь Данилов	Евгений Кузниченко	https://lordbss.narod.ru/pmk240.html
hanoyskaya-bashnya-karabanov.txt	hanoyskaya-bashnya-karabanov.md	Ханойская башня, вариант Ю. Карабанова	Ю. Карабанов		Наука и жизнь, 1989-12
hanoyskaya-bashnya-khmelyuk.txt	hanoyskaya-bashnya-khmelyuk.md	Ханойская башня, вариант В. Хмелюка	В. Хмелюк		Наука и жизнь, 1989-12
hanoyskaya-bashnya-sivkov.txt	hanoyskaya-bashnya-sivkov.md	Ханойская башня, вариант Ю. Сивкова	Ю. Сивков		Наука и жизнь, 1989-12
harvest-extensive-model.txt	harvest-extensive-model.md	Harvest Extensive Model	illi4		https://habr.com/ru/articles/125484/
harvest-intensive-model.txt	harvest-intensive-model.md	Harvest Intensive Model	illi4		https://habr.com/ru/articles/125484/
i-c-p.txt	i-c-p.md	I.C.P.	Александр Михолап	Евгений Кузниченко	https://lordbss.narod.ru/pmk230.html
igra-100-svinya-vdvoyom-s-pmk.txt	igra-100-svinya-vdvoyom-s-pmk.md	igra 100 vdvoyom s pmk			https://sergeanvarov.github.io/russian/mk61/games/100/100.html
igra-100-svinya-serge4mk.txt	igra-100-svinya-serge4mk.md	igra 100 svinya igrok protiv pmk	serge4mk		
igra-100-svinya-serge4mk-v2.txt	igra-100-svinya-serge4mk-v2.md	igra 100 svinya serge4mk v2	serge4mk	С. Р. Анваров	https://4pda.to/forum/index.php?showtopic=748847&view=findpost&p=104380011
igralnyy-avtomat.txt	igralnyy-avtomat.md	igralnyy avtomat	автор неизвестен	Евгений Кузниченко	https://lordbss.narod.ru/pmk156.html
jack-pot.txt	jack-pot.md	Jack Pot	Константин Сергеев	Евгений Кузниченко	https://lordbss.narod.ru/pmk151.html
kapitan.txt	kapitan.md	kapitan	А. Тимошкин		https://lordbss.narod.ru/pmk206.html
kapral.txt	kapral.md	kapral	Сергей Устюгов	Евгений Кузниченко	https://lordbss.narod.ru/pmk78.html
karate.txt	karate.md	karate	Роман Шубочкин	Евгений Кузниченко	https://lordbss.narod.ru/pmk30.html
karate-2.txt	karate-2.md	karate-2	Павел Меркулов	Евгений Кузниченко	https://lordbss.narod.ru/pmk40.html
karate-m.txt	karate-m.md	karate-m	Александр Михолап	Евгений Кузниченко	https://lordbss.narod.ru/pmk31.html
karate-xm.txt	karate-xm.md	karate-XM	автор неизвестен	Евгений Кузниченко	https://lordbss.narod.ru/pmk50.html
kaskadyor.txt	kaskadyor.md	kaskadyor	Владимир Лазарев	Евгений Кузниченко	https://lordbss.narod.ru/pmk89.html
kaufsten-heavy.txt	kaufsten-heavy.md	Kaufsten	illi4		https://habr.com/ru/articles/125484/
kaufsten-light.txt	kaufsten-light.md	Kaufsten	illi4		https://habr.com/ru/articles/125484/
kazanova.txt	kazanova.md	kazanova	Андрей Ивушкин	Евгений Кузниченко	https://lordbss.narod.ru/pmk250.html
kazino.txt	kazino.md	kazino	Евгений Кузниченко	Евгений Кузниченко	https://lordbss.narod.ru/pmk01.html
kchppp.txt	kchppp.md	kchppp	С. Андрианов		https://lordbss.narod.ru/pmk226.html
kendo.txt	kendo.md	kendo	С. Ефремов, Михаил Лялин		https://lordbss.narod.ru/pmk17.html
kalah.txt	kalah.md	kalah	xvadim	Вадим Хохлов	https://4pda.to/forum/index.php?showuser=2186572
kiber-ubiytsa.txt	kiber-ubiytsa.md	kiber-ubiytsa	Сергей Чурсанов	Евгений Кузниченко	https://lordbss.narod.ru/pmk16.html
kladoiskatel.txt	kladoiskatel.md	kladoiskatel	Сергей Чурсанов	Евгений Кузниченко	https://lordbss.narod.ru/pmk190.html
kladoiskatel-2.txt	kladoiskatel-2.md	kladoiskatel-2			https://sergeanvarov.github.io/russian/mk61/games/%D0%BA%D0%BB%D0%B0%D0%B4%D0%BE%D0%B8%D1%81%D0%BA%D0%B0%D1%82%D0%B5%D0%BB%D1%8C/%D0%9A%D0%BB%D0%B0%D0%B4%D0%BE%D0%B8%D1%81%D0%BA%D0%B0%D1%82%D0%B5%D0%BB%D1%8C-2.html
klingi.txt	klingi.md	klingi	Сергей Чурсанов	Евгений Кузниченко	https://lordbss.narod.ru/pmk41.html
klingi-2.txt	klingi-2.md	klingi-2	Сергей Чурсанов	Евгений Кузниченко	https://lordbss.narod.ru/pmk42.html
klingi-2m2.txt	klingi-2m2.md	klingi-2m2	Александр Михолап	Евгений Кузниченко	https://lordbss.narod.ru/pmk43.html
klondayk.txt	klondayk.md	klondayk	А. Щекалев		https://lordbss.narod.ru/pmk143.html
komandos.txt	komandos.md	komandos	Владимир Трофимчук	Евгений Кузниченко	https://lordbss.narod.ru/pmk80.html
komandos-2.txt	komandos-2.md	komandos-2	Владимир Трофимчук	Евгений Кузниченко	https://lordbss.narod.ru/pmk90.html
kombinat.txt	kombinat.md	kombinat	Сергей Блищавенко	Евгений Кузниченко	https://lordbss.narod.ru/pmk242.html
komissar-politsii.txt	komissar-politsii.md	komissar politsii	А. Щекалев		https://lordbss.narod.ru/pmk14.html
kooperativnoe-kafe.txt	kooperativnoe-kafe.md	kooperativnoe kafe			https://sergeanvarov.github.io/russian/mk61/games/%D0%BA%D0%BE%D0%BE%D0%BF%D0%B5%D1%80%D0%B0%D1%82%D0%B8%D0%B2%D0%BD%D0%BE%D0%B5%20%D0%BA%D0%B0%D1%84%D0%B5/%D0%BA%D0%BE%D0%BE%D0%BF%D0%B5%D1%80%D0%B0%D1%82%D0%B8%D0%B2%D0%BD%D0%BE%D0%B5%20%D0%BA%D0%B0%D1%84%D0%B5.html
kooperativnoe-kafe-2.txt	kooperativnoe-kafe-2.md	kooperativnoe kafe 2			https://sergeanvarov.github.io/russian/mk61/games/%D0%BA%D0%BE%D0%BE%D0%BF%D0%B5%D1%80%D0%B0%D1%82%D0%B8%D0%B2%D0%BD%D0%BE%D0%B5%20%D0%BA%D0%B0%D1%84%D0%B5%202/%D0%BA%D0%BE%D0%BE%D0%BF%D0%B5%D1%80%D0%B0%D1%82%D0%B8%D0%B2%D0%BD%D0%BE%D0%B5%20%D0%BA%D0%B0%D1%84%D0%B5%202.html
korolevstvo.txt	korolevstvo.md	korolevstvo	Б. Воронкевич		https://lordbss.narod.ru/pmk245.html
korotkoe-zamykanie.txt	korotkoe-zamykanie.md	korotkoe zamykanie	Анатолий Кондратьев	Евгений Кузниченко	https://lordbss.narod.ru/pmk05.html
kosmicheskaya-odisseya.txt	kosmicheskaya-odisseya.md	kosmicheskaya odisseya	Сергей Чурсанов	Евгений Кузниченко	https://lordbss.narod.ru/pmk25.html
kosmicheskaya-stantsiya.txt	kosmicheskaya-stantsiya.md	kosmicheskaya stantsiya	Сергей Чурсанов	Евгений Кузниченко	https://lordbss.narod.ru/pmk168.html
kosmicheskiy-desant.txt	kosmicheskiy-desant.md	kosmicheskiy desant	М. Голиков		https://lordbss.narod.ru/pmk216.html
kosmicheskiy-kurer.txt	kosmicheskiy-kurer.md	kosmicheskiy kurer	В. Масенков, Михаил Лялин		https://lordbss.narod.ru/pmk114.html
kosmopol.txt	kosmopol.md	kosmopol	Александр Михолап	Евгений Кузниченко	https://lordbss.narod.ru/pmk07.html
krestiki-noliki-4x4.txt	krestiki-noliki-4x4.md	krestiki-noliki 4x4			https://sergeanvarov.github.io/russian/mk61/games/%D0%BA%D1%80%D0%B5%D1%81%D1%82%D0%B8%D0%BA%D0%B8-%D0%BD%D0%BE%D0%BB%D0%B8%D0%BA%D0%B8%204x4/%D0%BA%D1%80%D0%B5%D1%81%D1%82%D0%B8%D0%BA%D0%B8-%D0%BD%D0%BE%D0%BB%D0%B8%D0%BA%D0%B8%204x4.html
kubok-klarensa.txt	kubok-klarensa.md	kubok klarensa	Сергей Шкуратов	Евгений Кузниченко	https://lordbss.narod.ru/pmk97.html
kung-fu.txt	kung-fu.md	Kung-Fu	Константин Сергеев	Евгений Кузниченко	https://lordbss.narod.ru/pmk120.html
labirint.txt	labirint.md	labirint	С. Гета		https://lordbss.narod.ru/pmk220.html
labirint-8-13.txt	labirint-8-13.md	labirint 8*13	А. Н. Гришин		https://lordbss.narod.ru/pmk221.html
labirint777.txt	labirint777.md	labirint777			https://sergeanvarov.github.io/russian/mk61/games/%D0%BB%D0%B0%D0%B1%D0%B8%D1%80%D0%B8%D0%BD%D1%82777/%D0%BB%D0%B0%D0%B1%D0%B8%D1%80%D0%B8%D0%BD%D1%82777.html
lamer-andrew-meets-america.txt	lamer-andrew-meets-america.md	Lamer Andrew Meets America	illi4		https://habr.com/ru/articles/125484/
lovkach.txt	lovkach.md	lovkach	Владимир Лазарев	Евгений Кузниченко	https://lordbss.narod.ru/pmk160.html
lovkach-video.txt	lovkach-video.md	lovkach-video	Сергей Чурсанов	Евгений Кузниченко	https://lordbss.narod.ru/pmk161.html
lunolet-1.txt	lunolet-1.md	Lunolet-1	illi4		https://habr.com/ru/articles/125484/
lunolet-3.txt	lunolet-3.md	Lunolet-3	illi4		https://habr.com/ru/articles/125484/
lunolet-d.txt	lunolet-d.md	Lunolet-D	illi4		https://habr.com/ru/articles/125484/
kon-tiki-lunolet-1.txt	kon-tiki-lunolet-1.md	Kon-Tiki: Lunolet-1	Михаил Пухов		https://web.archive.org/web/20110924184548id_/http://epizodsspace.no-ip.org/bibl/tm/1985/6/istinn-prav.html
lunolyot-2.txt	lunolyot-2.md	lunolyot 2			http://mk.semico.ru/prog/mk/lunolet/lun2.mkp
kon-tiki-lunolet-3.txt	kon-tiki-lunolet-3.md	Kon-Tiki: Lunolet-3	Михаил Пухов		https://web.archive.org/web/20110926113753id_/http://epizodsspace.no-ip.org/bibl/tm/1985/9/put.html
lunolyot-1.txt	lunolyot-1.md	lunolyot-1			https://sergeanvarov.github.io/russian/mk61/games/%D0%BB%D1%83%D0%BD%D0%BE%D0%BB%D1%91%D1%82-1/%D0%BB%D1%83%D0%BD%D0%BE%D0%BB%D1%91%D1%82-1.html
lunolyot-d.txt	lunolyot-d.md	lunolyot-d	Dariy Akselrod		Tekhnika Molodezhi No. 6, 1987 (KEI), mirrored at https://monatkodenis.blogspot.com/2014/01/blog-post.html
m-skiy-treugolnik.txt	m-skiy-treugolnik.md	m-skiy treugolnik	Владимир Трофимчук	Евгений Кузниченко	https://lordbss.narod.ru/pmk68.html
mafiozi.txt	mafiozi.md	mafiozi	А. Камоедов		https://lordbss.narod.ru/pmk04.html
magiya-tsifr.txt	magiya-tsifr.md	magiya tsifr	Владимир Хмелюк	Евгений Кузниченко	https://lordbss.narod.ru/pmk109.html
memory-training.txt	memory-training.md	Memory Training	illi4		https://habr.com/ru/articles/125484/
memory-training-1m.txt	memory-training-1m.md	Memory Training 1M	illi4		https://habr.com/ru/articles/125484/
menedzher.txt	menedzher.md	menedzher	А. Цященко, Александер Крючков		https://lordbss.narod.ru/pmk176.html
menedzher-lordbss.txt	menedzher-lordbss.md	menedzher	Олег Хажинский	Евгений Кузниченко	https://lordbss.narod.ru/pmk173.html
monopoliya.txt	monopoliya.md	monopoliya	Олег Хажинский	Евгений Кузниченко	https://lordbss.narod.ru/pmk174.html
monte-karlo.txt	monte-karlo.md	monte-karlo	Анатолий Кондратьев	Евгений Кузниченко	https://lordbss.narod.ru/pmk54.html
monti.txt	monti.md	monti	Евгений Кузниченко	Евгений Кузниченко	https://lordbss.narod.ru/pmk74.html
morskoy-boy.txt	morskoy-boy.md	morskoy boy	С. Р. Анваров		https://sergeanvarov.github.io/russian/mk61/games/%D0%BC%D0%BE%D1%80%D1%81%D0%BA%D0%BE%D0%B9%20%D0%B1%D0%BE%D0%B9/%D0%BC%D0%BE%D1%80%D1%81%D0%BA%D0%BE%D0%B9%20%D0%B1%D0%BE%D0%B9.html
morskoy-boy-lordbss.txt	morskoy-boy-lordbss.md	morskoy boy	Сергей Кузнецов, Виктор Распопов		https://lordbss.narod.ru/pmk235.html
morskoy-boy-xvadim.txt	morskoy-boy-xvadim.md	morskoy boy	Г. Горовой; Android conversion by А. Лаврик		https://github.com/xvadim/pmk61-programms/blob/master/naval_battle.pmk
moto.txt	moto.md	moto	Сергей Устюгов	Евгений Кузниченко	https://lordbss.narod.ru/pmk98.html
multfilm-na-indikatore.txt	multfilm-na-indikatore.md	Мультфильм на индикаторе	Кирилл Котин		Наука и жизнь, 1989-06
mustang-8x8.txt	mustang-8x8.md	Mustang 8x8	Н. Ромашов		http://arbinada.ddns.net/pmk-files/magazines/%D0%A2%D0%B5%D1%85%D0%BD%D0%B8%D0%BA%D0%B0%20%D0%BC%D0%BE%D0%BB%D0%BE%D0%B4%D0%B5%D0%B6%D0%B8%201985-1988%20%D0%9F%D0%9C%D0%9A.zip
myatezhnik.txt	myatezhnik.md	myatezhnik	Сергей Шинкевич	Евгений Кузниченко	https://lordbss.narod.ru/pmk238.html
myortvaya-zona-i.txt	myortvaya-zona-i.md	myortvaya zona-I	Сергей Устюгов	Евгений Кузниченко	https://lordbss.narod.ru/pmk61.html
myortvaya-zona-ii.txt	myortvaya-zona-ii.md	myortvaya zona-II	Сергей Устюгов	Евгений Кузниченко	https://lordbss.narod.ru/pmk62.html
myortvaya-zona-iii.txt	myortvaya-zona-iii.md	myortvaya zona-III	Сергей Устюгов	Евгений Кузниченко	https://lordbss.narod.ru/pmk63.html
naberi-chet.txt	naberi-chet.md	Набери чёт	Сергей Храмов		PDF "Набери чёт", 2022
naval-battle.txt	naval-battle.md	Naval Battle	illi4		https://habr.com/ru/articles/125484/
neboskryob.txt	neboskryob.md	neboskryob	Владимир Трофимчук	Евгений Кузниченко	https://lordbss.narod.ru/pmk224.html
nekromant.txt	nekromant.md	nekromant			https://sergeanvarov.github.io/russian/mk61/games/%D0%BD%D0%B5%D0%BA%D1%80%D0%BE%D0%BC%D0%B0%D0%BD%D1%82/%D0%BD%D0%B5%D0%BA%D1%80%D0%BE%D0%BC%D0%B0%D0%BD%D1%82.html
new-rally.txt	new-rally.md	New Rally	Сергей Чурсанов	Евгений Кузниченко	https://lordbss.narod.ru/pmk94.html
nim-s-odnoy-kuchey.txt	nim-s-odnoy-kuchey.md	Ним с одной кучей	Сергей Храмов		PDF "Ним с одной кучей", 2021
nindzya-terminator.txt	nindzya-terminator.md	nindzya-terminator	Владимир Трофимчук	Евгений Кузниченко	https://lordbss.narod.ru/pmk15.html
obgon.txt	obgon.md	obgon	Евгений Кузниченко	Евгений Кузниченко	https://lordbss.narod.ru/pmk86.html
oborotni.txt	oborotni.md	oborotni	Сергей Устюгов	Евгений Кузниченко	https://lordbss.narod.ru/pmk46.html
ochko.txt	ochko.md	ochko	Евгений Кузниченко	Евгений Кузниченко	https://lordbss.narod.ru/pmk150.html
odd-even-who-can-outsmart-who.txt	odd-even-who-can-outsmart-who.md	Odd-Even / Who Can Outsmart Who	L. M. Fink		Финк Л.М., Папа, мама, я и микрокалькулятор (1988)
odd-even-1.txt	odd-even-1.md	Odd-Even 1	illi4		https://habr.com/ru/articles/125484/
odd-even-2.txt	odd-even-2.md	Odd-Even 2	illi4		https://habr.com/ru/articles/125484/
odd-even-3.txt	odd-even-3.md	Odd-Even 3	illi4		https://habr.com/ru/articles/125484/
okhota-na-dinozavrov.txt	okhota-na-dinozavrov.md	okhota na dinozavrov	Владимир Трофимчук	Евгений Кузниченко	https://lordbss.narod.ru/pmk184.html
okhota-na-lis.txt	okhota-na-lis.md	okhota na lis			https://sergeanvarov.github.io/russian/mk61/games/%D0%BE%D1%85%D0%BE%D1%82%D0%B0%20%D0%BD%D0%B0%20%D0%BB%D0%B8%D1%81/%D0%BE%D1%85%D0%BE%D1%82%D0%B0%20%D0%BD%D0%B0%20%D0%BB%D0%B8%D1%81.html
okhota-na-lis-lordbss.txt	okhota-na-lis-lordbss.md	okhota na lis	Юрий Иванов, Павел Иртюга		https://lordbss.narod.ru/pmk49.html
okhota-na-lis-variant-dlya-mk-61.txt	okhota-na-lis-variant-dlya-mk-61.md	okhota na lis	автор варианта неизвестен		https://monatkodenis.blogspot.com/2014/01/blog-post.html
okhota-na-lis-100.txt	okhota-na-lis-100.md	okhota na lis 100			https://sergeanvarov.github.io/russian/mk61/games/%D0%BE%D1%85%D0%BE%D1%82%D0%B0%20%D0%BD%D0%B0%20%D0%BB%D0%B8%D1%81%20100/%D0%BE%D1%85%D0%BE%D1%82%D0%B0%20%D0%BD%D0%B0%20%D0%BB%D0%B8%D1%81%20100.html
okhota-na-lis-38.txt	okhota-na-lis-38.md	okhota na lis 38			https://sergeanvarov.github.io/russian/mk61/games/%D0%BE%D1%85%D0%BE%D1%82%D0%B0%20%D0%BD%D0%B0%20%D0%BB%D0%B8%D1%81%2038/%D0%BE%D1%85%D0%BE%D1%82%D0%B0%20%D0%BD%D0%B0%20%D0%BB%D0%B8%D1%81%2038.html
okhota-na-lis-1-danilov-slavin.txt	okhota-na-lis-1-danilov-slavin.md	okhota na lis 1	И. Д. Данилов, Г. В. Славин	Сергей Храмов	Сергей Храмов
okhota-na-lis-3-hramov.txt	okhota-na-lis-3-hramov.md	okhota na lis 3	Сергей Храмов		Сергей Храмов
okhota-na-lis-3-poli.txt	okhota-na-lis-3-poli.md	okhota na lis 3 for Poli	Сергей Храмов		Сергей Храмов
okhota-na-lis-4-hramov.txt	okhota-na-lis-4-hramov.md	okhota na lis 4	Сергей Храмов		Сергей Храмов
okhota-na-lis-4-poli.txt	okhota-na-lis-4-poli.md	okhota na lis 4 for Poli	Сергей Храмов		Сергей Храмов
okhota-na-medvedya.txt	okhota-na-medvedya.md	Охота на медведя	Сергей Храмов		PDF "Охота на медведя", 2020
okhota-na-medvedya-4pda.txt	okhota-na-medvedya-4pda.md	Охота на медведя, доработка 4PDA	Сергей Храмов; доработка 4PDA user 9123742		https://4pda.to/forum/index.php?showuser=9123742
okhota-na-skaloeda.txt	okhota-na-skaloeda.md	okhota na skaloeda	М. Пухов		https://lordbss.narod.ru/pmk185.html
okhota-na-sklyupikov.txt	okhota-na-sklyupikov.md	okhota na sklyupikov	Александр Клишин	Евгений Кузниченко	https://lordbss.narod.ru/pmk183.html
opasnaya-igra.txt	opasnaya-igra.md	opasnaya igra	Сергей Тарасов	Евгений Кузниченко	https://lordbss.narod.ru/pmk163.html
opasnaya-pogruzka.txt	opasnaya-pogruzka.md	opasnaya pogruzka			https://sergeanvarov.github.io/russian/mk61/games/%D0%BE%D0%BF%D0%B0%D1%81%D0%BD%D0%B0%D1%8F%20%D0%BF%D0%BE%D0%B3%D1%80%D1%83%D0%B7%D0%BA%D0%B0/%D0%BE%D0%BF%D0%B0%D1%81%D0%BD%D0%B0%D1%8F%20%D0%BF%D0%BE%D0%B3%D1%80%D1%83%D0%B7%D0%BA%D0%B0.html
oregon.txt	oregon.md	oregon	Сергей Чурсанов	Евгений Кузниченко	https://lordbss.narod.ru/pmk141.html
oregon-2.txt	oregon-2.md	oregon-2	Иван, Василий	Евгений Кузниченко	https://lordbss.narod.ru/pmk142.html
oregonskaya-tropa.txt	oregonskaya-tropa.md	oregonskaya tropa	автор неизвестен	Евгений Кузниченко	https://lordbss.narod.ru/pmk140.html
ostrov.txt	ostrov.md	ostrov	Вадим Мазур	Евгений Кузниченко	https://lordbss.narod.ru/pmk79.html
ostrov-kolkhoz.txt	ostrov-kolkhoz.md	ostrov	Владимир Алексеев	Евгений Кузниченко	https://lordbss.narod.ru/pmk243.html
papago.txt	papago.md	papago	Владимир Трофимчук	Евгений Кузниченко	https://lordbss.narod.ru/pmk158.html
peredovoy-otryad.txt	peredovoy-otryad.md	peredovoy otryad	П. Аронович		https://lordbss.narod.ru/pmk165.html
perekhvat.txt	perekhvat.md	perekhvat	В. Масенков, Михаил Лялин		https://lordbss.narod.ru/pmk118.html
perekhvatchik.txt	perekhvatchik.md	perekhvatchik	Сергей Чурсанов	Евгений Кузниченко	https://lordbss.narod.ru/pmk205.html
pervoprokhodets.txt	pervoprokhodets.md	pervoprokhodets	Игорь Вершинин	Евгений Кузниченко	https://lordbss.narod.ru/pmk166.html
peshchera-syurprizov.txt	peshchera-syurprizov.md	peshchera syurprizov	Игорь Вершинин	Евгений Кузниченко	https://lordbss.narod.ru/pmk196.html
pi-cho.txt	pi-cho.md	pi-cho	А. В. Раков		Техника-молодежи, 1988-07
kon-tiki-pk-1.txt	kon-tiki-pk-1.md	Kon-Tiki: PK-1	Михаил Пухов		https://web.archive.org/web/20110924184553id_/http://epizodsspace.no-ip.org/bibl/tm/1985/7/put.html
planet-z.txt	planet-z.md	Planet Z	Сергей Устюгов	Евгений Кузниченко	https://lordbss.narod.ru/pmk103.html
playboy.txt	playboy.md	Playboy	Евгений Кузниченко	Евгений Кузниченко	https://lordbss.narod.ru/pmk177.html
pobeg-iz-sistemy-x.txt	pobeg-iz-sistemy-x.md	pobeg iz sistemy X	А. Лотохов		https://lordbss.narod.ru/pmk115.html
poedinok.txt	poedinok.md	poedinok	Евгений Кузниченко	Евгений Кузниченко	https://lordbss.narod.ru/pmk70.html
poedinok-na-orbite.txt	poedinok-na-orbite.md	poedinok na orbite	Игорь Вершинин	Евгений Кузниченко	https://lordbss.narod.ru/pmk217.html
pogonya.txt	pogonya.md	pogonya	Сергей Шинкевич	Евгений Кузниченко	https://lordbss.narod.ru/pmk47.html
pogonya-v-lesu.txt	pogonya-v-lesu.md	pogonya v lesu	Александр Михолап	Евгений Кузниченко	https://lordbss.narod.ru/pmk187.html
poker.txt	poker.md	poker	А. Нилин		https://lordbss.narod.ru/pmk157.html
poker-m-c.txt	poker-m-c.md	poker M-C	Анатолий Кондратьев	Евгений Кузниченко	https://lordbss.narod.ru/pmk19.html
policeman.txt	policeman.md	Policeman	Евгений Кузниченко	Евгений Кузниченко	https://lordbss.narod.ru/pmk99.html
poligon.txt	poligon.md	poligon	А. Астафьев		https://lordbss.narod.ru/pmk26.html
polyot-v-sozvezdie-chyornykh-dyr.txt	polyot-v-sozvezdie-chyornykh-dyr.md	polyot v sozvezdie chyornykh dyr	А. Н. Гришин		https://lordbss.narod.ru/pmk139.html
posadka-na-lunu-1.txt	posadka-na-lunu-1.md	posadka na lunu 1	автор неизвестен		Посадка на Луну
posadka-na-lunu-2.txt	posadka-na-lunu-2.md	posadka na lunu 2	автор неизвестен		Посадка на Луну
lunar-landing.txt	lunar-landing.md	Lunar Landing	Ярослав Садовский	Евгений Кузниченко	https://lordbss.narod.ru/pmk38.html
priton.txt	priton.md	priton	Евгений Кузниченко	Евгений Кузниченко	https://lordbss.narod.ru/pmk147.html
professional-box.txt	professional-box.md	Professional Box	автор неизвестен	Евгений Кузниченко	https://lordbss.narod.ru/pmk20.html
programma-chasy.txt	programma-chasy.md	programma-chasy	С. Конин, А. Шарапов		https://monatkodenis.blogspot.com/2014/01/blog-post.html
prostitutka.txt	prostitutka.md	prostitutka	С. Андрианов		https://lordbss.narod.ru/pmk178.html
publichnyy-dom.txt	publichnyy-dom.md	publichnyy dom	С. Андрианов		https://lordbss.narod.ru/pmk227.html
pursuit.txt	pursuit.md	Pursuit	Сергей Чурсанов	Евгений Кузниченко	https://lordbss.narod.ru/pmk130.html
puteshestvie.txt	puteshestvie.md	puteshestvie	Владимир Трофимчук	Евгений Кузниченко	https://lordbss.narod.ru/pmk199.html
raby-obmena-razumov.txt	raby-obmena-razumov.md	raby obmena razumov	Анатолий Кондратьев	Евгений Кузниченко	https://lordbss.narod.ru/pmk35.html
radzha-yoga.txt	radzha-yoga.md	radzha-yoga			https://sergeanvarov.github.io/russian/mk61/games/%D1%80%D0%B0%D0%B4%D0%B6%D0%B0-%D0%B9%D0%BE%D0%B3%D0%B0/%D1%80%D0%B0%D0%B4%D0%B6%D0%B0-%D0%B9%D0%BE%D0%B3%D0%B0.html
rally.txt	rally.md	Rally	illi4		https://habr.com/ru/articles/125484/
rally-xvadim.txt	rally-xvadim.md	Rally			https://github.com/xvadim/pmk61-programms/blob/master/rally.pmk
rambo-i.txt	rambo-i.md	Rambo-I	Евгений Кузниченко	Евгений Кузниченко	https://lordbss.narod.ru/pmk51.html
rambo-ii.txt	rambo-ii.md	Rambo-II	Евгений Кузниченко	Евгений Кузниченко	https://lordbss.narod.ru/pmk52.html
rambo-iii.txt	rambo-iii.md	Rambo-III	Евгений Кузниченко	Евгений Кузниченко	https://lordbss.narod.ru/pmk53.html
rasstanovka-ferzey.txt	rasstanovka-ferzey.md	rasstanovka ferzey			https://sergeanvarov.github.io/russian/mk61/other/%D1%80%D0%B0%D1%81%D1%81%D1%82%D0%B0%D0%BD%D0%BE%D0%B2%D0%BA%D0%B0%20%D1%84%D0%B5%D1%80%D0%B7%D0%B5%D0%B9/%D1%80%D0%B0%D1%81%D1%81%D1%82%D0%B0%D0%BD%D0%BE%D0%B2%D0%BA%D0%B0%20%D1%84%D0%B5%D1%80%D0%B7%D0%B5%D0%B9.html
reshenie-kvadratnogo-uravneniya.txt	reshenie-kvadratnogo-uravneniya.md	reshenie kvadratnogo uravneniya			https://github.com/xvadim/pmk61-programms/blob/master/square-equation.pmk
rising-from-hell.txt	rising-from-hell.md	Rising From Hell	Дмитрий Родионов	Евгений Кузниченко	https://lordbss.narod.ru/pmk36.html
robin-hood.txt	robin-hood.md	Robin Hood	С. Андрианов		https://lordbss.narod.ru/pmk45.html
roboteks.txt	roboteks.md	roboteks	Владимир Трофимчук	Евгений Кузниченко	https://lordbss.narod.ru/pmk225.html
rook-endgame-serge4mk.txt	rook-endgame-serge4mk.md	Ladeynyy endshpil	serge4mk	С. Р. Анваров	https://4pda.to/forum/index.php?showtopic=748847&view=findpost&p=143343921
rukopashnyy-boy.txt	rukopashnyy-boy.md	rukopashnyy boy	Евгений Кузниченко	Евгений Кузниченко	https://lordbss.narod.ru/pmk60.html
ruletka.txt	ruletka.md	ruletka	Михаил Лялин	Евгений Кузниченко	https://lordbss.narod.ru/pmk148.html
rybalka.txt	rybalka.md	rybalka	А. Лотохов		https://lordbss.narod.ru/pmk186.html
rytsar.txt	rytsar.md	rytsar	Владимир Трофимчук	Евгений Кузниченко	https://lordbss.narod.ru/pmk195.html
sadist.txt	sadist.md	sadist	Евгений Кузниченко	Евгений Кузниченко	https://lordbss.narod.ru/pmk188.html
safari.txt	safari.md	safari	Сергей Чурсанов	Евгений Кузниченко	https://lordbss.narod.ru/pmk180.html
sailing-regatta.txt	sailing-regatta.md	Sailing Regatta	L. M. Fink		Финк Л.М., Папа, мама, я и микрокалькулятор (1988)
samolet-tm-1986.txt	samolet-tm-1986.md	samolet	Владимир Лозовой		Техника-молодежи, 1986-11
minesweeper.txt	minesweeper.md	Minesweeper	Олег Булычёв	Евгений Кузниченко	https://lordbss.narod.ru/pmk39.html
sapyor-9x9.txt	sapyor-9x9.md	sapyor 9x9			https://sergeanvarov.github.io/russian/mk61/games/%D1%81%D0%B0%D0%BF%D1%91%D1%80%209x9/%D1%81%D0%B0%D0%BF%D1%91%D1%80%209x9.html
sex-mission.txt	sex-mission.md	Sex-Mission	Евгений Кузниченко	Евгений Кузниченко	https://lordbss.narod.ru/pmk77.html
shakhmaty.txt	shakhmaty.md	shakhmaty	Станислав Чегодаев	Евгений Кузниченко	https://lordbss.narod.ru/pmk247.html
shakhmaty-mat-ladyoy.txt	shakhmaty-mat-ladyoy.md	shakhmaty. mat ladyoy	С. Белонос		https://sergeanvarov.github.io/russian/mk61/games/%D1%88%D0%B0%D1%85%D0%BC%D0%B0%D1%82%D1%8B/%D0%BC%D0%B0%D1%82%20%D0%BB%D0%B0%D0%B4%D1%8C%D1%91%D0%B9/%D0%BC%D0%B0%D1%82%20%D0%BB%D0%B0%D0%B4%D1%8C%D1%91%D0%B9.html
shashki-13-new.txt	shashki-13-new.md	shashki-13-New	А. Н. Гришин		https://lordbss.narod.ru/pmk248.html
sherif.txt	sherif.md	sherif	автор неизвестен	Евгений Кузниченко	https://lordbss.narod.ru/pmk24.html
shlyukha.txt	shlyukha.md	shlyukha	А. Беликов		https://lordbss.narod.ru/pmk179.html
shturmovik.txt	shturmovik.md	shturmovik	Сергей Чурсанов	Евгений Кузниченко	https://lordbss.narod.ru/pmk204.html
skala.txt	skala.md	skala	С. И. Пономарёв		https://lordbss.narod.ru/pmk189.html
skazka.txt	skazka.md	skazka	Владимир Сивицкий	Евгений Кузниченко	https://lordbss.narod.ru/pmk69.html
skazka-lordbss.txt	skazka-lordbss.md	skazka	Владимир Трофимчук	Евгений Кузниченко	https://lordbss.narod.ru/pmk105.html
skorpion.txt	skorpion.md	skorpion	Олег Хажинский	Евгений Кузниченко	https://lordbss.narod.ru/pmk241.html
soft-landing.txt	soft-landing.md	Soft Landing	Mikhail Pukhov		https://epizodsspace.airbase.ru/bibl/tehnika_-_molodyoji/1985/7/put.html
sokoban.txt	sokoban.md	sokoban	А. Н. Гришин, Владимир Трофимчук		https://lordbss.narod.ru/pmk222.html
sokrovishche.txt	sokrovishche.md	sokrovishche	Евгений Бредня	Евгений Кузниченко	https://lordbss.narod.ru/pmk167.html
soldat-udachi-2.txt	soldat-udachi-2.md	soldat udachi-2	Дмитрий Родионов	Евгений Кузниченко	https://lordbss.narod.ru/pmk136.html
soldier-of-fortune.txt	soldier-of-fortune.md	Soldier Of Fortune	Евгений Кузниченко	Евгений Кузниченко	https://lordbss.narod.ru/pmk107.html
spartak.txt	spartak.md	spartak	Вадим Куняев, Владимир Трофимчук		https://lordbss.narod.ru/pmk146.html
speleolog.txt	speleolog.md	speleolog	Владимир Лазарев	Евгений Кузниченко	https://lordbss.narod.ru/pmk228.html
sportloto-model-5-of-36.txt	sportloto-model-5-of-36.md	Sportloto Model	L. M. Fink		Финк Л.М., Папа, мама, я и микрокалькулятор (1988)
sprut.txt	sprut.md	sprut	Владимир Сивицкий	Евгений Кузниченко	https://lordbss.narod.ru/pmk132.html
stalker.txt	stalker.md	stalker	Владимир Трофимчук	Евгений Кузниченко	https://lordbss.narod.ru/pmk108.html
stinger.txt	stinger.md	stinger	Сергей Чурсанов	Евгений Кузниченко	https://lordbss.narod.ru/pmk209.html
strana-monstrov.txt	strana-monstrov.md	strana monstrov	Владимир Трофимчук	Евгений Кузниченко	https://lordbss.narod.ru/pmk197.html
giants-country.txt	giants-country.md	Giants Country	Владимир Трофимчук	Евгений Кузниченко	https://lordbss.narod.ru/pmk198.html
strategicheskaya-bombardirovka.txt	strategicheskaya-bombardirovka.md	strategicheskaya bombardirovka	Сергей Тарасов	Евгений Кузниченко	https://lordbss.narod.ru/pmk215.html
submarina.txt	submarina.md	submarina	Сергей Шинкевич	Евгений Кузниченко	https://lordbss.narod.ru/pmk208.html
super-pushka.txt	super-pushka.md	super-pushka	автор неизвестен	Евгений Кузниченко	https://lordbss.narod.ru/pmk246.html
supertrassa.txt	supertrassa.md	supertrassa	Сергей Устюгов	Евгений Кузниченко	https://lordbss.narod.ru/pmk85.html
swamp.txt	swamp.md	Swamp	Александр Михолап	Евгений Кузниченко	https://lordbss.narod.ru/pmk138.html
syshchik.txt	syshchik.md	syshchik	П. Гурин		https://lordbss.narod.ru/pmk236.html
tamagotchi.txt	tamagotchi.md	Tamagotchi	illi4		https://habr.com/ru/articles/125484/
tank-battle.txt	tank-battle.md	Tank Battle	illi4		https://habr.com/ru/articles/125484/
tank-battle-math-variant.txt	tank-battle-math-variant.md	Tank Battle	illi4		https://habr.com/ru/articles/125484/
tank-battle-realistic-variant.txt	tank-battle-realistic-variant.md	Tank Battle	illi4		https://habr.com/ru/articles/125484/
tankovaya-bataliya-matematicheskiy-boy.txt	tankovaya-bataliya-matematicheskiy-boy.md	Танковая баталия, математический бой	Сергей Храмов		PDF "Танковая баталия", 2016
tankovaya-bataliya-realnyy-boy.txt	tankovaya-bataliya-realnyy-boy.md	Танковая баталия, реальный бой	Сергей Храмов		PDF "Танковая баталия", 2016
tayny-okeana.txt	tayny-okeana.md	tayny okeana	Михаил Храмов	Евгений Кузниченко	https://lordbss.narod.ru/pmk131.html
tayny-okeana-3.txt	tayny-okeana-3.md	tayny okeana-3	Сергей Чурсанов	Евгений Кузниченко	https://lordbss.narod.ru/pmk133.html
tayny-okeana-4.txt	tayny-okeana-4.md	tayny okeana-4	Евгений Кузниченко	Евгений Кузниченко	https://lordbss.narod.ru/pmk134.html
teleport.txt	teleport.md	teleport			https://sergeanvarov.github.io/russian/mk61/games/%D1%82%D0%B5%D0%BB%D0%B5%D0%BF%D0%BE%D1%80%D1%82/%D1%82%D0%B5%D0%BB%D0%B5%D0%BF%D0%BE%D1%80%D1%82.html
termodirizhabl.txt	termodirizhabl.md	termodirizhabl	Ю. Пшенник		Техника-молодежи, 1986-10
tetris.txt	tetris.md	tetris	Александр Михолап	Евгений Кузниченко	https://lordbss.narod.ru/pmk121.html
tetris-lordbss.txt	tetris-lordbss.md	tetris	Дмитрий Моргунов	Евгений Кузниченко	https://lordbss.narod.ru/pmk125.html
the-dice.txt	the-dice.md	The Dice	Константин Сергеев	Евгений Кузниченко	https://lordbss.narod.ru/pmk153.html
the-land-of-psycho-lamers.txt	the-land-of-psycho-lamers.md	The Land of Psycho Lamers	illi4		https://mk61.narod.ru/game2.htm
the-goonmaster.txt	the-goonmaster.md	The Goonmaster	К. Бокач, А. Грубин		https://lordbss.narod.ru/pmk58.html
the-last-sapper-of-the-galaxy.txt	the-last-sapper-of-the-galaxy.md	The Last Sapper Of The Galaxy	Евгений Кузниченко	Евгений Кузниченко	https://lordbss.narod.ru/pmk111.html
tic-tac-toe.txt	tic-tac-toe.md	Tic-Tac-Toe	L. M. Fink		Финк Л.М., Папа, мама, я и микрокалькулятор (1988)
tir.txt	tir.md	tir	Сергей Тарасов, Александр Клишин		https://lordbss.narod.ru/pmk231.html
tir-2.txt	tir-2.md	tir-2	Сергей Тарасов, Александр Клишин		https://lordbss.narod.ru/pmk232.html
tom-i-dzherri.txt	tom-i-dzherri.md	tom i dzherri	В. Бычков, Евгений Кузниченко		https://lordbss.narod.ru/pmk71.html
tom-i-dzherri-3.txt	tom-i-dzherri-3.md	tom i dzherri 3			https://sergeanvarov.github.io/russian/mk61/games/%D1%82%D0%BE%D0%BC%20%D0%B8%20%D0%B4%D0%B6%D0%B5%D1%80%D1%80%D0%B8%203/%D1%82%D0%BE%D0%BC%20%D0%B8%20%D0%B4%D0%B6%D0%B5%D1%80%D1%80%D0%B8%203.html
tom-i-dzherri-2.txt	tom-i-dzherri-2.md	tom i dzherri-2	Евгений Кузниченко	Евгений Кузниченко	https://lordbss.narod.ru/pmk72.html
totalizator.txt	totalizator.md	totalizator	автор неизвестен	Евгений Кузниченко	https://lordbss.narod.ru/pmk154.html
toti.txt	toti.md	Toti	Александр Михолап	Евгений Кузниченко	https://lordbss.narod.ru/pmk155.html
trassa.txt	trassa.md	trassa	Сергей Чурсанов	Евгений Кузниченко	https://lordbss.narod.ru/pmk84.html
treasure-cave.txt	treasure-cave.md	Treasure Cave	Vasiliy Zakharenko		https://img-fotki.yandex.ru/get/44951/137106206.6d5/0_1d841d_dc897752_orig
treasure-cave-demo.txt	treasure-cave-demo.md	Treasure Cave Demo	Serge Anvarov		https://sergeanvarov.github.io/russian/mk61/uf/demo.html
tropa.txt	tropa.md	tropa	Юрий Волков	Евгений Кузниченко	https://lordbss.narod.ru/pmk144.html
turboslalom.txt	turboslalom.md	Turboslalom	Константин Сергеев	Евгений Кузниченко	https://lordbss.narod.ru/pmk124.html
turtles.txt	turtles.md	Turtles	Андрей Ивушкин	Евгений Кузниченко	https://lordbss.narod.ru/pmk251.html
tutankhamon.txt	tutankhamon.md	tutankhamon	Сергей Чурсанов	Евгений Кузниченко	https://lordbss.narod.ru/pmk194.html
twin-peaks.txt	twin-peaks.md	Twin Peaks	Евгений Кузниченко	Евгений Кузниченко	https://lordbss.narod.ru/pmk13.html
uchebnyy-polyot.txt	uchebnyy-polyot.md	uchebnyy polyot	Сергей Чуприн	Евгений Кузниченко	https://lordbss.narod.ru/pmk29.html
uchebnyy-polyot-modernized.txt	uchebnyy-polyot-modernized.md	uchebnyy polyot modernized	Сергей Храмов	Сергей Чуприн	Сергей Храмов
urozhay-ekstensivnaya-model.txt	urozhay-ekstensivnaya-model.md	urozhay	В. Алексеев; Android conversion by А. Лаврик		https://github.com/xvadim/pmk61-programms/blob/master/harvest-e.pmk
urozhay-intensivnaya-model.txt	urozhay-intensivnaya-model.md	urozhay	В. Алексеев; Android conversion by А. Лаврик		https://github.com/xvadim/pmk61-programms/blob/master/harvest-i.pmk
v-oblake-asteroidov.txt	v-oblake-asteroidov.md	v oblake asteroidov	А. Пирожков		https://lordbss.narod.ru/pmk106.html
vertol.txt	vertol.md	Vertol	Сергей Тарасов	Евгений Кузниченко	https://lordbss.narod.ru/pmk211.html
vertol-2d.txt	vertol-2d.md	Vertol-2D	Сергей Тарасов		https://blog.arbinada.com/ru/category/00052.html
vertol-2.txt	vertol-2.md	Vertol-2	Сергей Тарасов, Станислав Чегодаев		https://lordbss.narod.ru/pmk212.html
vertol-3.txt	vertol-3.md	Vertol-3	Сергей Тарасов	Евгений Кузниченко	https://lordbss.narod.ru/pmk213.html
videosalon.txt	videosalon.md	videosalon	С. Бекетов		https://lordbss.narod.ru/pmk170.html
viking-intervent.txt	viking-intervent.md	viking-intervent	Евгений Кузниченко	Евгений Кузниченко	https://lordbss.narod.ru/pmk23.html
viking-korol.txt	viking-korol.md	viking-korol	Евгений Кузниченко	Евгений Кузниченко	https://lordbss.narod.ru/pmk22.html
viking-zavoevatel.txt	viking-zavoevatel.md	viking-zavoevatel	Евгений Век, Сергей Устюгов	Евгений Кузниченко	https://lordbss.narod.ru/pmk21.html
virus.txt	virus.md	Virus	Александер Крючков	Евгений Кузниченко	https://lordbss.narod.ru/pmk08.html
virus-lordbss.txt	virus-lordbss.md	virus	Владимир Трофимчук	Евгений Кузниченко	https://lordbss.narod.ru/pmk169.html
vodnaya-zmeya.txt	vodnaya-zmeya.md	vodnaya zmeya	Сергей Шинкевич	Евгений Кузниченко	https://lordbss.narod.ru/pmk237.html
volki-i-kozlik-9x9.txt	volki-i-kozlik-9x9.md	volki i kozlik 9x9	Дмитрий Кайков, Борис Греков, KEI; Android conversion by А. Лаврик		https://github.com/xvadim/pmk61-programms/blob/master/wolves_and_goat_9x9.zip
volki-i-kozlik-8x8.txt	volki-i-kozlik-8x8.md	volki i kozlik 8x8	Дмитрий Кайков, Михаил П. (MK-61 patch)		https://epizodsspace.airbase.ru/bibl/tehnika_-_molodyoji/1986/8/44-47.html
white-starts-and-loses.txt	white-starts-and-loses.md	White Starts... and Loses	Станислав Чегодаев	Евгений Кузниченко	http://arbinada.ddns.net/pmk-files/magazines/%D0%A2%D0%B5%D1%85%D0%BD%D0%B8%D0%BA%D0%B0%20%D0%BC%D0%BE%D0%BB%D0%BE%D0%B4%D0%B5%D0%B6%D0%B8%201985-1988%20%D0%9F%D0%9C%D0%9A.zip
volvo.txt	volvo.md	volvo	Евгений Кузниченко	Евгений Кузниченко	https://lordbss.narod.ru/pmk88.html
vorishka-video.txt	vorishka-video.md	vorishka-video	Владимир Трофимчук	Евгений Кузниченко	https://lordbss.narod.ru/pmk162.html
vozdushnyy-boy.txt	vozdushnyy-boy.md	vozdushnyy boy	М. Семёнов		https://lordbss.narod.ru/pmk214.html
vozdushnyy-desant.txt	vozdushnyy-desant.md	vozdushnyy desant	Сергей Шинкевич	Евгений Кузниченко	https://lordbss.narod.ru/pmk207.html
vratar.txt	vratar.md	vratar	Владимир Лазарев	Евгений Кузниченко	https://lordbss.narod.ru/pmk229.html
calendar-past-future.txt	calendar-past-future.md	Calendar for the Past and the Future	Вячеслав Алексеев	Евгений Кузниченко	Техника-молодежи, 1987-01
vechnyy-kalendar.txt	vechnyy-kalendar.md	vechnyy kalendar	И. Д. Данилов, Г. В. Славин	Сергей Храмов	Five Evenings with a Microcalculator
weather-forecast-socrates87.txt	weather-forecast-socrates87.md	prognoz pogody	Socrates87		https://4pda.to/forum/index.php?showtopic=748847&view=findpost&p=93019265
western.txt	western.md	Western	Константин Сергеев	Евгений Кузниченко	https://lordbss.narod.ru/pmk06.html
winner.txt	winner.md	Winner	Mikhail Pukhov		Tekhnika Molodezhi No. 7, 1987 (KEI)
yadernyy-reaktor.txt	yadernyy-reaktor.md	yadernyy reaktor	Андрей Ивушкин	Евгений Кузниченко	https://lordbss.narod.ru/pmk252.html
yantarnyy-gugon.txt	yantarnyy-gugon.md	yantarnyy gugon	Владимир Трофимчук	Евгений Кузниченко	https://lordbss.narod.ru/pmk73.html
zakhvat.txt	zakhvat.md	zakhvat	А. Пирожков		https://lordbss.narod.ru/pmk101.html
zamok-s-prizrakami.txt	zamok-s-prizrakami.md	zamok s prizrakami	Сергей Чурсанов	Евгений Кузниченко	https://lordbss.narod.ru/pmk191.html
zamok-s-prizrakami-4.txt	zamok-s-prizrakami-4.md	zamok s prizrakami-4	Игорь Вершинин, Сергей Чурсанов		https://lordbss.narod.ru/pmk192.html
zamok-satany.txt	zamok-satany.md	zamok satany	Сергей Устюгов	Евгений Кузниченко	https://lordbss.narod.ru/pmk66.html
zashchita-ot-napadeniya.txt	zashchita-ot-napadeniya.md	zashchita ot napadeniya	Сергей Чурсанов	Евгений Кузниченко	https://lordbss.narod.ru/pmk110.html
zashchitnik.txt	zashchitnik.md	zashchitnik	Дмитрий Моргунов	Евгений Кузниченко	https://lordbss.narod.ru/pmk11.html
zashchitnik-2.txt	zashchitnik-2.md	zashchitnik-2	Дмитрий Моргунов	Евгений Кузниченко	https://lordbss.narod.ru/pmk12.html
zashchitnik-3.txt	zashchitnik-3.md	zashchitnik-3	Дмитрий Моргунов	Евгений Кузниченко	https://lordbss.narod.ru/pmk48.html
zhokey.txt	zhokey.md	zhokey	Владимир Трофимчук	Евгений Кузниченко	https://lordbss.narod.ru/pmk123.html
zloveshchiy-chertog.txt	zloveshchiy-chertog.md	zloveshchiy chertog	Евгений Кузниченко	Евгений Кузниченко	https://lordbss.narod.ru/pmk65.html
zona.txt	zona.md	zona	Сергей Чурсанов	Евгений Кузниченко	https://lordbss.narod.ru/pmk149.html
zvezdolyot.txt	zvezdolyot.md	zvezdolyot	Владимир Сивицкий	Евгений Кузниченко	https://lordbss.narod.ru/pmk104.html
zvyozdnyy-boets.txt	zvyozdnyy-boets.md	zvyozdnyy boets	Сергей Чурсанов	Евгений Кузниченко	https://lordbss.narod.ru/pmk09.html
zvyozdnyy-boets-2.txt	zvyozdnyy-boets-2.md	zvyozdnyy boets-2	Сергей Чурсанов	Евгений Кузниченко	https://lordbss.narod.ru/pmk32.html
zvyozdnyy-boets-3.txt	zvyozdnyy-boets-3.md	zvyozdnyy boets-3	Сергей Устюгов	Евгений Кузниченко	https://lordbss.narod.ru/pmk33.html
zvyozdnyy-boets-4.txt	zvyozdnyy-boets-4.md	zvyozdnyy boets-4	Сергей Устюгов	Евгений Кузниченко	https://lordbss.narod.ru/pmk34.html
zvyozdnyy-pokhod.txt	zvyozdnyy-pokhod.md	zvyozdnyy pokhod	А. Лотохов		https://lordbss.narod.ru/pmk119.html
dangerous-loading.txt	dangerous-loading.md	Опасная погрузка			https://sergeanvarov.github.io/russian/mk61/games/%D0%BE%D0%BF%D0%B0%D1%81%D0%BD%D0%B0%D1%8F%20%D0%BF%D0%BE%D0%B3%D1%80%D1%83%D0%B7%D0%BA%D0%B0/%D0%BE%D0%BF%D0%B0%D1%81%D0%BD%D0%B0%D1%8F%20%D0%BF%D0%BE%D0%B3%D1%80%D1%83%D0%B7%D0%BA%D0%B0.html
e-94-digits.txt	e-94-digits.md	94 цифры числа e			https://sergeanvarov.github.io/russian/mk61/other/94%20%D1%86%D0%B8%D1%84%D1%80%D1%8B%20%D1%87%D0%B8%D1%81%D0%BB%D0%B0%20e/94%20%D1%86%D0%B8%D1%84%D1%80%D1%8B%20%D1%87%D0%B8%D1%81%D0%BB%D0%B0%20e.html
fox-hunt-100.txt	fox-hunt-100.md	Охота на лис 100			https://sergeanvarov.github.io/russian/mk61/games/%D0%BE%D1%85%D0%BE%D1%82%D0%B0%20%D0%BD%D0%B0%20%D0%BB%D0%B8%D1%81%20100/%D0%BE%D1%85%D0%BE%D1%82%D0%B0%20%D0%BD%D0%B0%20%D0%BB%D0%B8%D1%81%20100.html
game-100-pig.txt	game-100-pig.md	Игра 100 (свинья) вдвоём с ПМК			https://sergeanvarov.github.io/russian/mk61/games/100/100.html
labyrinth777.txt	labyrinth777.md	Лабиринт777			https://sergeanvarov.github.io/russian/mk61/games/%D0%BB%D0%B0%D0%B1%D0%B8%D1%80%D0%B8%D0%BD%D1%82777/%D0%BB%D0%B0%D0%B1%D0%B8%D1%80%D0%B8%D0%BD%D1%82777.html
raja-yoga.txt	raja-yoga.md	Раджа-йога			https://sergeanvarov.github.io/russian/mk61/games/%D1%80%D0%B0%D0%B4%D0%B6%D0%B0-%D0%B9%D0%BE%D0%B3%D0%B0/%D1%80%D0%B0%D0%B4%D0%B6%D0%B0-%D0%B9%D0%BE%D0%B3%D0%B0.html
samurai.txt	samurai.md	Самурай	Александр Долгушин		https://vk.com/wall-115251268_31
sea-battle.txt	sea-battle.md	Морской бой	С. Р. Анваров		https://sergeanvarov.github.io/russian/mk61/games/%D0%BC%D0%BE%D1%80%D1%81%D0%BA%D0%BE%D0%B9%20%D0%B1%D0%BE%D0%B9/%D0%BC%D0%BE%D1%80%D1%81%D0%BA%D0%BE%D0%B9%20%D0%B1%D0%BE%D0%B9.html
treasure-hunter-2.txt	treasure-hunter-2.md	Кладоискатель-2			https://sergeanvarov.github.io/russian/mk61/games/%D0%BA%D0%BB%D0%B0%D0%B4%D0%BE%D0%B8%D1%81%D0%BA%D0%B0%D1%82%D0%B5%D0%BB%D1%8C/%D0%9A%D0%BB%D0%B0%D0%B4%D0%BE%D0%B8%D1%81%D0%BA%D0%B0%D1%82%D0%B5%D0%BB%D1%8C-2.html
tic-tac-toe-4x4.txt	tic-tac-toe-4x4.md	Крестики-нолики 4x4			https://sergeanvarov.github.io/russian/mk61/games/%D0%BA%D1%80%D0%B5%D1%81%D1%82%D0%B8%D0%BA%D0%B8-%D0%BD%D0%BE%D0%BB%D0%B8%D0%BA%D0%B8%204x4/%D0%BA%D1%80%D0%B5%D1%81%D1%82%D0%B8%D0%BA%D0%B8-%D0%BD%D0%BE%D0%BB%D0%B8%D0%BA%D0%B8%204x4.html
minesweeper-9x9.txt	minesweeper-9x9.md	Сапёр 9x9			https://sergeanvarov.github.io/russian/mk61/games/%D1%81%D0%B0%D0%BF%D1%91%D1%80%209x9/%D1%81%D0%B0%D0%BF%D1%91%D1%80%209x9.html
na-gorizonte-kit.txt	na-gorizonte-kit.md	Whale on the Horizon	Boris Labutin		https://img-fotki.yandex.ru/get/26767/137106206.6d5/0_1d841a_ca6e932d_orig
demo.txt	demo.md	Treasure Cave Demo	Serge Anvarov		https://sergeanvarov.github.io/russian/mk61/uf/demo.html
clock.txt	clock.md	Программа-часы	С. Конин, А. Шарапов		https://monatkodenis.blogspot.com/2014/01/blog-post.html
fox-hunt-mk61.txt	fox-hunt-mk61.md	Охота на лис (вариант для МК-61)	автор варианта неизвестен		https://monatkodenis.blogspot.com/2014/01/blog-post.html
99-bottles.txt	99-bottles.md	99 бутылок	Евгений Степанищев	Евгений Кузниченко	https://bolknote.ru/all/4418/
apollo11-launch.txt	apollo11-launch.md	Apollo 11 Launch from Earth (Refined)	darth.righter		https://pmk.arbinada.com/category/01617.html
easter-date-passover.txt	easter-date-passover.md	Easter Date (Orthodox, Primary)	Русский		https://pmk.arbinada.com/category/00935.html
easter-date-passover-alt.txt	easter-date-passover-alt.md	Easter Date Helper (Ascension and Pentecost)	Русский		https://pmk.arbinada.com/category/00935.html
electronic-fortune-teller.txt	electronic-fortune-teller.md	Electronic Fortune-Teller			Техника-молодежи, 1985-07
kvur-quadratic-register.txt	kvur-quadratic-register.md	Quadratic Equation Solver with Registers (MK61/52)	st		https://pmk.arbinada.com/category/01167.html
kvur-quadratic-no-register.txt	kvur-quadratic-no-register.md	Quadratic Equation Solver without Registers (MK61/52)	st		https://pmk.arbinada.com/category/01167.html
markov-machine.txt	markov-machine.md	Markov Machine	Русский		https://pmk.arbinada.com/category/00960.html
cooperative-2.txt	cooperative-2.md	Cooperative 2	st		https://pmk.arbinada.com/category/01091.html
fourteen-pawns.txt	fourteen-pawns.md	Fourteen Pawns	st		https://pmk.arbinada.com/category/01085.html
saturn5-first-stage.txt	saturn5-first-stage.md	Saturn V First Stage (MK61)	darth.righter		https://pmk.arbinada.com/category/01619.html
vostok-1-carrier.txt	vostok-1-carrier.md	Vostok-1 Carrier Vehicle	darth.righter		https://pmk.arbinada.com/category/01621.html
vostok-1-atmosphere.txt	vostok-1-atmosphere.md	Vostok-1 Atmosphere Program	darth.righter		https://pmk.arbinada.com/category/01621.html
kon-tiki-atmosphere-1.txt	kon-tiki-atmosphere-1.md	Kon-Tiki: Atmosphere-1	Михаил Пухов		https://web.archive.org/web/20150804231516id_/http://epizodsspace.no-ip.org/bibl/tm/1986/3/put.html
vybory.txt	vybory.md	Выборы	Виктор Распопов		http://arbinada.ddns.net/pmk-files/magazines/%D0%9F%D0%B8%D0%BE%D0%BD%D0%B5%D1%80%D0%B8%D1%8F%201990-91%20%D0%9F%D0%9C%D0%9A.zip
bastion.txt	bastion.md	Бастион	Владимир Сивицкий		http://arbinada.ddns.net/pmk-files/magazines/%D0%9F%D0%B8%D0%BE%D0%BD%D0%B5%D1%80%D0%B8%D1%8F%201990-91%20%D0%9F%D0%9C%D0%9A.zip
opasnyy-reys.txt	opasnyy-reys.md	Опасный рейс	автор неизвестен		http://arbinada.ddns.net/pmk-files/magazines/%D0%9D%D0%B0%D1%83%D0%BA%D0%B0%20%D0%B8%20%D0%B6%D0%B8%D0%B7%D0%BD%D1%8C%20%D0%9F%D0%9C%D0%9A.zip
perekin-mostik.txt	perekin-mostik.md	Перекинь мостик	П. Шмуклер		http://arbinada.ddns.net/pmk-files/magazines/%D0%9D%D0%B0%D1%83%D0%BA%D0%B0%20%D0%B8%20%D0%B6%D0%B8%D0%B7%D0%BD%D1%8C%20%D0%9F%D0%9C%D0%9A.zip
smertelnaya-igra.txt	smertelnaya-igra.md	Смертельная игра	Сергей Тарасов		http://arbinada.ddns.net/pmk-files/magazines/%D0%98%D0%BD%D1%84%D0%BE%D1%80%D0%BC%D0%B0%D1%82%D0%B8%D0%BA%D0%B0%20%D0%B8%20%D0%BE%D0%B1%D1%80%D0%B0%D0%B7%D0%BE%D0%B2%D0%B0%D0%BD%D0%B8%D0%B5%201989-1992%20%D0%9F%D0%9C%D0%9A.zip
poymat-mustanga.txt	poymat-mustanga.md	Поймать мустанга	А. Павлюк		http://arbinada.ddns.net/pmk-files/magazines/%D0%A2%D0%B5%D1%85%D0%BD%D0%B8%D0%BA%D0%B0%20%D0%BC%D0%BE%D0%BB%D0%BE%D0%B4%D0%B5%D0%B6%D0%B8%201985-1988%20%D0%9F%D0%9C%D0%9A.zip
magicheskiy-kvadrat.txt	magicheskiy-kvadrat.md	Магический квадрат	М. Вахтеров		А. Б. Бойко, Игры с микрокалькулятором, Математика, кибернетика, 1987, № 11
odnomernyy-kubik-rubika.txt	odnomernyy-kubik-rubika.md	Одномерный кубик Рубика	Г. Славин		А. Б. Бойко, Игры с микрокалькулятором, Математика, кибернетика, 1987, № 11
koltso-s-sekretom.txt	koltso-s-sekretom.md	Кольцо с секретом	Г. Славин		А. Б. Бойко, Игры с микрокалькулятором, Математика, кибернетика, 1987, № 11
zhonglyor-i-sharik.txt	zhonglyor-i-sharik.md	Жонглёр и шарик	М. Шарий, Н. Узденников		А. Б. Бойко, Игры с микрокалькулятором, Математика, кибернетика, 1987, № 11
poezdka-po-gorodu.txt	poezdka-po-gorodu.md	Поездка по городу	Г. Славин		А. Б. Бойко, Игры с микрокалькулятором, Математика, кибернетика, 1987, № 11
regata.txt	regata.md	Регата	Г. Гурьянов		А. Б. Бойко, Игры с микрокалькулятором, Математика, кибернетика, 1987, № 11
tri-shashki.txt	tri-shashki.md	Три шашки	В. Рыбинский		А. Б. Бойко, Игры с микрокалькулятором, Математика, кибернетика, 1987, № 11
afrikanskoe-safari.txt	afrikanskoe-safari.md	Африканское сафари	В. Кононов		А. Б. Бойко, Игры с микрокалькулятором, Математика, кибернетика, 1987, № 11
okhota-na-lis-boyko.txt	okhota-na-lis-boyko.md	Охота на лис	А. Несчетный, вариант В. Кононов		А. Б. Бойко, Игры с микрокалькулятором, Математика, кибернетика, 1987, № 11
kto-pervyy.txt	kto-pervyy.md	Кто первый	Г. Белавин		Наука и жизнь, 1987-03, с. 130; перепечатка: А. Б. Бойко, Игры с микрокалькулятором, Математика, кибернетика, 1987, № 11
vosem-tsifr-v-ume.txt	vosem-tsifr-v-ume.md	Восемь цифр в уме	автор не указан		А. Б. Бойко, Игры с микрокалькулятором, Математика, кибернетика, 1987, № 11
nochnaya-trassa.txt	nochnaya-trassa.md	Ночная трасса	Сергей Тарасов		https://old.computerra.ru/hitech/206244/
kombinator.txt	kombinator.md	Комбинатор	Станислав Чегодаев		https://old.computerra.ru/hitech/206244/
shashki-9-auto.txt	shashki-9-auto.md	Шашки-9 авто	А. Н. Гришин		https://old.computerra.ru/hitech/206244/
shashki-12.txt	shashki-12.md	Шашки-12	Сергей Тарасов		https://old.computerra.ru/hitech/206244/
povtori-tsifru.txt	povtori-tsifru.md	Повтори цифру	И. Д. Данилов, Г. В. Славин		И. Д. Данилов, Г. В. Славин, 5 вечеров с микрокалькулятором
povtori-chislo.txt	povtori-chislo.md	Повтори число	И. Д. Данилов, Г. В. Славин		И. Д. Данилов, Г. В. Славин, 5 вечеров с микрокалькулятором
soschitay-v-ume.txt	soschitay-v-ume.md	Сосчитай в уме	И. Д. Данилов, Г. В. Славин		И. Д. Данилов, Г. В. Славин, 5 вечеров с микрокалькулятором
palochki-i-tsifry.txt	palochki-i-tsifry.md	Палочки и цифры	И. Д. Данилов, Г. В. Славин		И. Д. Данилов, Г. В. Славин, 5 вечеров с микрокалькулятором
soschitay-palochki.txt	soschitay-palochki.md	Сосчитай палочки	И. Д. Данилов, Г. В. Славин		И. Д. Данилов, Г. В. Славин, 5 вечеров с микрокалькулятором
chisla-po-krugu.txt	chisla-po-krugu.md	Числа по кругу	И. Д. Данилов, Г. В. Славин		И. Д. Данилов, Г. В. Славин, 5 вечеров с микрокалькулятором
chet-nechet-danilov-slavin.txt	chet-nechet-danilov-slavin.md	Чет-нечет	И. Д. Данилов, Г. В. Славин		И. Д. Данилов, Г. В. Славин, 5 вечеров с микрокалькулятором
oplata-scheta.txt	oplata-scheta.md	Оплата счета	И. Д. Данилов, Г. В. Славин		И. Д. Данилов, Г. В. Славин, 5 вечеров с микрокалькулятором
cooperative-cafe-variant.txt	cooperative-cafe-variant.md	Кооперативное кафе			https://xvadim.github.io/xbasoft/pmk/cafe.zip
kaufsten-variant.txt	kaufsten-variant.md	Кауфстен			https://xvadim.github.io/xbasoft/pmk/kaufsten.zip
scetovod.txt	scetovod.md	Счетовод			https://xvadim.github.io/xbasoft/pmk/scetovod.zip
beskonechnaya-istoriya-variant.txt	beskonechnaya-istoriya-variant.md	Бесконечная история			https://xvadim.github.io/xbasoft/pmk/infinity_story.zip
uchebnyy-polyot-bez-ucheta-topliva.txt	uchebnyy-polyot-bez-ucheta-topliva.md	Учебный полет — Вариант без учета топлива			https://xvadim.github.io/xbasoft/pmk/fly-1.zip
uchebnyy-polyot-s-uchetom-topliva.txt	uchebnyy-polyot-s-uchetom-topliva.md	Учебный полет — Вариант с учетом топлива			https://xvadim.github.io/xbasoft/pmk/fly-2.zip
mustang-8x8-variant.txt	mustang-8x8-variant.md	Охота на мустанга			https://xvadim.github.io/xbasoft/pmk/mustang_8x8.zip
chet-nechet-3.txt	chet-nechet-3.md	Чёт-нечёт-3			https://xvadim.github.io/xbasoft/pmk/chnch3.zip
tankovaya-bataliya-variant.txt	tankovaya-bataliya-variant.md	Танковая баталия			https://xvadim.github.io/xbasoft/pmk/tanksbattler.zip
nochnoy-boy.txt	nochnoy-boy.md	Ночной бой			https://xvadim.github.io/xbasoft/pmk/night_battle.zip
byki-i-korovy.txt	byki-i-korovy.md	Быки и коровы			https://xvadim.github.io/xbasoft/pmk/bullscows.zip
trenirovka-pamyati.txt	trenirovka-pamyati.md	Тренировка памяти			https://xvadim.github.io/xbasoft/pmk/mem_training.zip
trenirovka-pamyati-anvarov.txt	trenirovka-pamyati-anvarov.md	Тренировка памяти			https://xvadim.github.io/xbasoft/pmk/mem_training2.zip
klad-2.txt	klad-2.md	Клад			https://xvadim.github.io/xbasoft/pmk/klad-2.zip
okhota-na-medvedya-variant.txt	okhota-na-medvedya-variant.md	Охота на медведя			https://xvadim.github.io/xbasoft/pmk/bear_hunt.zip
nim.txt	nim.md	Ним			https://xvadim.github.io/xbasoft/pmk/nim.zip
spichki-bergsona.txt	spichki-bergsona.md	Спички Бергсона			https://xvadim.github.io/xbasoft/pmk/matches_b.zip
pi-cho-variant.txt	pi-cho-variant.md	Пи-чо			https://xvadim.github.io/xbasoft/pmk/pi-cho.zip
shakhmaty-korol-kon-slon.txt	shakhmaty-korol-kon-slon.md	Король, конь и слон против короля			https://xvadim.github.io/xbasoft/pmk/knight_and_bishop.zip
shakhmaty-ferz-protiv-korolya-1.txt	shakhmaty-ferz-protiv-korolya-1.md	Белый ферзь и король против черного короля - 1			https://xvadim.github.io/xbasoft/pmk/queen_human.zip
shakhmaty-ferz-protiv-korolya-2.txt	shakhmaty-ferz-protiv-korolya-2.md	Белый ферзь и король против черного короля - 2			https://xvadim.github.io/xbasoft/pmk/queen_pmc.zip
shakhmaty-ladya-protiv-korolya.txt	shakhmaty-ladya-protiv-korolya.md	Белая ладья и король против черного короля			https://xvadim.github.io/xbasoft/pmk/rook.zip
kon-tiki-lunolet-2-original.txt	kon-tiki-lunolet-2-original.md	Kon-Tiki: Lunolet-2 (TM original)	Михаил Пухов		https://web.archive.org/web/20110926100633id_/http://epizodsspace.no-ip.org/bibl/tm/1985/8/put.html
kon-tiki-mascon.txt	kon-tiki-mascon.md	Kon-Tiki: Mascon	Михаил Пухов		https://web.archive.org/web/20110926113753id_/http://epizodsspace.no-ip.org/bibl/tm/1985/9/put.html
kon-tiki-peak.txt	kon-tiki-peak.md	Kon-Tiki: Peak	Михаил Пухов		https://web.archive.org/web/20110926113753id_/http://epizodsspace.no-ip.org/bibl/tm/1985/9/put.html
kon-tiki-os-1.txt	kon-tiki-os-1.md	Kon-Tiki: OS-1	Михаил Пухов		https://web.archive.org/web/20110924184544id_/http://epizodsspace.no-ip.org/bibl/tm/1985/10/put.html
kon-tiki-lunolet-1m.txt	kon-tiki-lunolet-1m.md	Kon-Tiki: Lunolet-1M	Михаил Пухов		https://web.archive.org/web/20110924184544id_/http://epizodsspace.no-ip.org/bibl/tm/1985/10/put.html
kon-tiki-mesto-pod-solntsem.txt	kon-tiki-mesto-pod-solntsem.md	Kon-Tiki: Mesto pod Solntsem	Михаил Пухов		https://web.archive.org/web/20110924184544id_/http://epizodsspace.no-ip.org/bibl/tm/1985/10/put.html
kon-tiki-os-2.txt	kon-tiki-os-2.md	Kon-Tiki: OS-2	Михаил Пухов		https://web.archive.org/web/20110926093055id_/http://epizodsspace.no-ip.org/bibl/tm/1985/11/put.html
kon-tiki-os-2-buffer.txt	kon-tiki-os-2-buffer.md	Kon-Tiki: OS-2 Buffer	Михаил Пухов		https://web.archive.org/web/20110926093055id_/http://epizodsspace.no-ip.org/bibl/tm/1985/11/put.html
kon-tiki-os-3.txt	kon-tiki-os-3.md	Kon-Tiki: OS-3	Михаил Пухов		https://web.archive.org/web/20110926093055id_/http://epizodsspace.no-ip.org/bibl/tm/1985/11/put.html
kon-tiki-multfilm.txt	kon-tiki-multfilm.md	Kon-Tiki: Multfilm	Михаил Пухов		https://web.archive.org/web/20110926111029id_/http://epizodsspace.no-ip.org/bibl/tm/1985/12/put.html
kon-tiki-lunolet-4.txt	kon-tiki-lunolet-4.md	Kon-Tiki: Lunolet-4	Михаил Пухов		https://web.archive.org/web/20110926111035id_/http://epizodsspace.no-ip.org/bibl/tm/1986/1/put.html
kon-tiki-kepler.txt	kon-tiki-kepler.md	Kon-Tiki: Kepler	Михаил Пухов		https://web.archive.org/web/20150804231514id_/http://epizodsspace.no-ip.org/bibl/tm/1986/2/put.html
kon-tiki-atmosphere-2.txt	kon-tiki-atmosphere-2.md	Kon-Tiki: Atmosphere-2	Михаил Пухов		https://web.archive.org/web/20150804231521id_/http://epizodsspace.no-ip.org/bibl/tm/1986/4/put.html
kon-tiki-mr-2.txt	kon-tiki-mr-2.md	Kon-Tiki: MR-2	Михаил Пухов		https://web.archive.org/web/20150804232121id_/http://epizodsspace.no-ip.org/bibl/tm/1987/2/polet.html
kon-tiki-atmosphere-3.txt	kon-tiki-atmosphere-3.md	Kon-Tiki: Atmosphere-3	Михаил Пухов		https://web.archive.org/web/20120614121037id_/http://epizodsspace.no-ip.org/bibl/tm/1987/3/na-kryl.html
kon-tiki-atmosphere-4.txt	kon-tiki-atmosphere-4.md	Kon-Tiki: Atmosphere-4	Михаил Пухов		https://web.archive.org/web/20120614121037id_/http://epizodsspace.no-ip.org/bibl/tm/1987/3/na-kryl.html
kon-tiki-gravilet.txt	kon-tiki-gravilet.md	Kon-Tiki: Gravilet	Михаил Пухов		https://web.archive.org/web/20120614093658id_/http://epizodsspace.no-ip.org/bibl/tm/1987/5/nad-pulsarom.html
kon-tiki-gravilet-mod.txt	kon-tiki-gravilet-mod.md	Kon-Tiki: Gravilet Modified	Михаил Пухов		https://web.archive.org/web/20120614093658id_/http://epizodsspace.no-ip.org/bibl/tm/1987/5/nad-pulsarom.html
kon-tiki-lunolet-d-original.txt	kon-tiki-lunolet-d-original.md	Kon-Tiki: Lunolet-D (TM original)	Михаил Пухов		https://web.archive.org/web/20120614121053id_/http://epizodsspace.no-ip.org/bibl/tm/1987/6/bez_ostanova.html
balanced-ternary-converter.txt	balanced-ternary-converter.md	Balanced Ternary Converter	RusCalc		https://habr.com/ru/articles/505612/
